{
  "fold_results": [
    {
      "fold": 1,
      "accuracy": 0.7511520737327189,
      "f1_macro": 0.755117965919794,
      "f1_weighted": 0.7442629019060281,
      "precision_macro": 0.751215441968418,
      "recall_macro": 0.7661335403726708,
      "auc_macro": 0.9313611665020826,
      "classification_report": {
        "0": {
          "precision": 0.7441860465116279,
          "recall": 0.6666666666666666,
          "f1-score": 0.7032967032967034,
          "support": 48.0
        },
        "1": {
          "precision": 0.6486486486486487,
          "recall": 0.5217391304347826,
          "f1-score": 0.5783132530120482,
          "support": 46.0
        },
        "2": {
          "precision": 0.7659574468085106,
          "recall": 0.9,
          "f1-score": 0.8275862068965517,
          "support": 40.0
        },
        "3": {
          "precision": 0.8717948717948718,
          "recall": 0.9714285714285714,
          "f1-score": 0.918918918918919,
          "support": 35.0
        },
        "4": {
          "precision": 0.7254901960784313,
          "recall": 0.7708333333333334,
          "f1-score": 0.7474747474747475,
          "support": 48.0
        },
        "accuracy": 0.7511520737327189,
        "macro avg": {
          "precision": 0.751215441968418,
          "recall": 0.7661335403726708,
          "f1-score": 0.755117965919794,
          "support": 217.0
        },
        "weighted avg": {
          "precision": 0.7443936215083946,
          "recall": 0.7511520737327189,
          "f1-score": 0.7442629019060281,
          "support": 217.0
        }
      },
      "confusion_matrix": [
        [
          32,
          4,
          4,
          5,
          3
        ],
        [
          7,
          24,
          4,
          0,
          11
        ],
        [
          1,
          3,
          36,
          0,
          0
        ],
        [
          0,
          0,
          1,
          34,
          0
        ],
        [
          3,
          6,
          2,
          0,
          37
        ]
      ],
      "best_params": {
        "colsample_bytree": 0.8,
        "learning_rate": 0.1,
        "max_depth": 3,
        "n_estimators": 200,
        "subsample": 0.8
      },
      "inner_cv_score": 0.7047764191243576
    },
    {
      "fold": 2,
      "accuracy": 0.7327188940092166,
      "f1_macro": 0.7392546583850932,
      "f1_weighted": 0.7305988875213479,
      "precision_macro": 0.7455923259052171,
      "recall_macro": 0.7411740224545103,
      "auc_macro": 0.9302920943483827,
      "classification_report": {
        "0": {
          "precision": 0.7045454545454546,
          "recall": 0.6458333333333334,
          "f1-score": 0.6739130434782609,
          "support": 48.0
        },
        "1": {
          "precision": 0.7428571428571429,
          "recall": 0.5777777777777777,
          "f1-score": 0.65,
          "support": 45.0
        },
        "2": {
          "precision": 0.7021276595744681,
          "recall": 0.8048780487804879,
          "f1-score": 0.75,
          "support": 41.0
        },
        "3": {
          "precision": 0.9117647058823529,
          "recall": 0.8857142857142857,
          "f1-score": 0.8985507246376812,
          "support": 35.0
        },
        "4": {
          "precision": 0.6666666666666666,
          "recall": 0.7916666666666666,
          "f1-score": 0.7238095238095238,
          "support": 48.0
        },
        "accuracy": 0.7327188940092166,
        "macro avg": {
          "precision": 0.7455923259052171,
          "recall": 0.7411740224545103,
          "f1-score": 0.7392546583850932,
          "support": 217.0
        },
        "weighted avg": {
          "precision": 0.7370771981345106,
          "recall": 0.7327188940092166,
          "f1-score": 0.7305988875213479,
          "support": 217.0
        }
      },
      "confusion_matrix": [
        [
          31,
          2,
          10,
          0,
          5
        ],
        [
          4,
          26,
          3,
          0,
          12
        ],
        [
          3,
          1,
          33,
          3,
          1
        ],
        [
          1,
          1,
          1,
          31,
          1
        ],
        [
          5,
          5,
          0,
          0,
          38
        ]
      ],
      "best_params": {
        "colsample_bytree": 0.8,
        "learning_rate": 0.3,
        "max_depth": 3,
        "n_estimators": 100,
        "subsample": 0.8
      },
      "inner_cv_score": 0.7122315384738975
    },
    {
      "fold": 3,
      "accuracy": 0.7511520737327189,
      "f1_macro": 0.7605669460563078,
      "f1_weighted": 0.7510832117626902,
      "precision_macro": 0.7611143226916736,
      "recall_macro": 0.7612108013937282,
      "auc_macro": 0.9332324132370413,
      "classification_report": {
        "0": {
          "precision": 0.717391304347826,
          "recall": 0.6875,
          "f1-score": 0.7021276595744681,
          "support": 48.0
        },
        "1": {
          "precision": 0.6976744186046512,
          "recall": 0.6666666666666666,
          "f1-score": 0.6818181818181818,
          "support": 45.0
        },
        "2": {
          "precision": 0.8717948717948718,
          "recall": 0.8292682926829268,
          "f1-score": 0.85,
          "support": 41.0
        },
        "3": {
          "precision": 0.8648648648648649,
          "recall": 0.9142857142857143,
          "f1-score": 0.8888888888888888,
          "support": 35.0
        },
        "4": {
          "precision": 0.6538461538461539,
          "recall": 0.7083333333333334,
          "f1-score": 0.68,
          "support": 48.0
        },
        "accuracy": 0.7511520737327189,
        "macro avg": {
          "precision": 0.7611143226916736,
          "recall": 0.7612108013937282,
          "f1-score": 0.7605669460563078,
          "support": 217.0
        },
        "weighted avg": {
          "precision": 0.7522055614948404,
          "recall": 0.7511520737327189,
          "f1-score": 0.7510832117626902,
          "support": 217.0
        }
      },
      "confusion_matrix": [
        [
          33,
          6,
          2,
          2,
          5
        ],
        [
          3,
          30,
          0,
          3,
          9
        ],
        [
          3,
          1,
          34,
          0,
          3
        ],
        [
          1,
          1,
          0,
          32,
          1
        ],
        [
          6,
          5,
          3,
          0,
          34
        ]
      ],
      "best_params": {
        "colsample_bytree": 0.8,
        "learning_rate": 0.1,
        "max_depth": 3,
        "n_estimators": 200,
        "subsample": 0.8
      },
      "inner_cv_score": 0.7045590277499537
    },
    {
      "fold": 4,
      "accuracy": 0.7419354838709677,
      "f1_macro": 0.7489017244680175,
      "f1_weighted": 0.7411315543411907,
      "precision_macro": 0.7493748992932957,
      "recall_macro": 0.7494444444444446,
      "auc_macro": 0.9347934227541881,
      "classification_report": {
        "0": {
          "precision": 0.72,
          "recall": 0.75,
          "f1-score": 0.7346938775510204,
          "support": 48.0
        },
        "1": {
          "precision": 0.5681818181818182,
          "recall": 0.5555555555555556,
          "f1-score": 0.5617977528089888,
          "support": 45.0
        },
        "2": {
          "precision": 0.8372093023255814,
          "recall": 0.9,
          "f1-score": 0.8674698795180723,
          "support": 40.0
        },
        "3": {
          "precision": 0.8823529411764706,
          "recall": 0.8333333333333334,
          "f1-score": 0.8571428571428571,
          "support": 36.0
        },
        "4": {
          "precision": 0.7391304347826086,
          "recall": 0.7083333333333334,
          "f1-score": 0.723404255319149,
          "support": 48.0
        },