{
  "fold_results": [
    {
      "fold": 1,
      "accuracy": 0.7649769585253456,
      "f1_macro": 0.7681062325028275,
      "f1_weighted": 0.7589418698151424,
      "precision_macro": 0.7684954683627836,
      "recall_macro": 0.778100414078675,
      "auc_macro": 0.9367487596088881,
      "classification_report": {
        "0": {
          "precision": 0.7777777777777778,
          "recall": 0.7291666666666666,
          "f1-score": 0.7526881720430108,
          "support": 48.0
        },
        "1": {
          "precision": 0.7352941176470589,
          "recall": 0.5434782608695652,
          "f1-score": 0.625,
          "support": 46.0
        },
        "2": {
          "precision": 0.7551020408163265,
          "recall": 0.925,
          "f1-score": 0.8314606741573034,
          "support": 40.0
        },
        "3": {
          "precision": 0.868421052631579,
          "recall": 0.9428571428571428,
          "f1-score": 0.9041095890410958,
          "support": 35.0
        },
        "4": {
          "precision": 0.7058823529411765,
          "recall": 0.75,
          "f1-score": 0.7272727272727273,
          "support": 48.0
        },
        "accuracy": 0.7649769585253456,
        "macro avg": {
          "precision": 0.7684954683627836,
          "recall": 0.778100414078675,
          "f1-score": 0.7681062325028275,
          "support": 217.0
        },
        "weighted avg": {
          "precision": 0.7633089131844831,
          "recall": 0.7649769585253456,
          "f1-score": 0.7589418698151424,
          "support": 217.0
        }
      },
      "confusion_matrix": [
        [
          35,
          1,
          4,
          3,
          5
        ],
        [
          7,
          25,
          3,
          1,
          10
        ],
        [
          1,
          1,
          37,
          1,
          0
        ],
        [
          0,
          0,
          2,
          33,
          0
        ],
        [
          2,
          7,
          3,
          0,
          36
        ]
      ],
      "best_params": {
        "colsample_bytree": 0.8,
        "learning_rate": 0.3,
        "max_depth": 3,
        "n_estimators": 200,
        "subsample": 0.8
      },
      "inner_cv_score": 0.7024210181370929
    },
    {
      "fold": 2,
      "accuracy": 0.7465437788018433,
      "f1_macro": 0.7542329776725667,
      "f1_weighted": 0.7460011178245874,
      "precision_macro": 0.7609207650586962,
      "recall_macro": 0.7537959736740224,
      "auc_macro": 0.9371503360082393,
      "classification_report": {
        "0": {
          "precision": 0.7380952380952381,
          "recall": 0.6458333333333334,
          "f1-score": 0.6888888888888889,
          "support": 48.0
        },
        "1": {
          "precision": 0.7435897435897436,
          "recall": 0.6444444444444445,
          "f1-score": 0.6904761904761905,
          "support": 45.0
        },
        "2": {
          "precision": 0.7111111111111111,
          "recall": 0.7804878048780488,
          "f1-score": 0.7441860465116279,
          "support": 41.0
        },
        "3": {
          "precision": 0.9393939393939394,
          "recall": 0.8857142857142857,
          "f1-score": 0.9117647058823529,
          "support": 35.0
        },
        "4": {
          "precision": 0.6724137931034483,
          "recall": 0.8125,
          "f1-score": 0.7358490566037735,
          "support": 48.0
        },
        "accuracy": 0.7465437788018433,
        "macro avg": {
          "precision": 0.7609207650586962,
          "recall": 0.7537959736740224,
          "f1-score": 0.7542329776725667,
          "support": 217.0
        },
        "weighted avg": {
          "precision": 0.7520751861447874,
          "recall": 0.7465437788018433,
          "f1-score": 0.7460011178245874,
          "support": 217.0
        }
      },
      "confusion_matrix": [
        [
          31,
          4,
          10,
          0,
          3
        ],
        [
          2,
          29,
          2,
          0,
          12
        ],
        [
          4,
          0,
          32,
          2,
          3
        ],
        [
          1,
          1,
          1,
          31,
          1
        ],
        [
          4,
          5,
          0,
          0,
          39
        ]
      ],
      "best_params": {
        "colsample_bytree": 0.8,
        "learning_rate": 0.1,
        "max_depth": 3,
        "n_estimators": 200,
        "subsample": 0.8
      },
      "inner_cv_score": 0.7078315640358125
    },
    {
      "fold": 3,
      "accuracy": 0.7327188940092166,
      "f1_macro": 0.7371147293528584,
      "f1_weighted": 0.729495195315168,
      "precision_macro": 0.7427889427889428,
      "recall_macro": 0.7404936120789779,
      "auc_macro": 0.9302139143302744,
      "classification_report": {
        "0": {
          "precision": 0.6851851851851852,
          "recall": 0.7708333333333334,
          "f1-score": 0.7254901960784313,
          "support": 48.0
        },
        "1": {
          "precision": 0.75,
          "recall": 0.5333333333333333,
          "f1-score": 0.6233766233766234,
          "support": 45.0
        },
        "2": {
          "precision": 0.8333333333333334,
          "recall": 0.8536585365853658,
          "f1-score": 0.8433734939759037,
          "support": 41.0
        },
        "3": {
          "precision": 0.8108108108108109,
          "recall": 0.8571428571428571,
          "f1-score": 0.8333333333333334,
          "support": 35.0
        },
        "4": {
          "precision": 0.6346153846153846,
          "recall": 0.6875,
          "f1-score": 0.66,
          "support": 48.0
        },
        "accuracy": 0.7327188940092166,
        "macro avg": {
          "precision": 0.7427889427889428,
          "recall": 0.7404936120789779,
          "f1-score": 0.7371147293528584,
          "support": 217.0
        },
        "weighted avg": {
          "precision": 0.7356934211772921,
          "recall": 0.7327188940092166,
          "f1-score": 0.729495195315168,
          "support": 217.0
        }
      },
      "confusion_matrix": [
        [
          37,
          3,
          2,
          3,
          3
        ],
        [
          4,
          24,
          2,
          3,
          12
        ],
        [
          2,
          1,
          35,
          0,
          3
        ],
        [
          4,
          0,
          0,
          30,
          1
        ],
        [
          7,
          4,
          3,
          1,
          33
        ]
      ],
      "best_params": {
        "colsample_bytree": 0.8,
        "learning_rate": 0.3,
        "max_depth": 7,
        "n_estimators": 200,
        "subsample": 0.8
      },
      "inner_cv_score": 0.7039670021983846
    },
    {
      "fold": 4,
      "accuracy": 0.7603686635944701,
      "f1_macro": 0.7677851513603129,
      "f1_weighted": 0.7604779589602404,
      "precision_macro": 0.7688119641721112,
      "recall_macro": 0.7683333333333333,
      "auc_macro": 0.9367125970581149,
      "classification_report": {
        "0": {
          "precision": 0.7346938775510204,
          "recall": 0.75,
          "f1-score": 0.7422680412371134,
          "support": 48.0
        },
        "1": {
          "precision": 0.5957446808510638,
          "recall": 0.6222222222222222,
          "f1-score": 0.6086956521739131,
          "support": 45.0
        },
        "2": {
          "precision": 0.8372093023255814,
          "recall": 0.9,
          "f1-score": 0.8674698795180723,
          "support": 40.0
        },
        "3": {
          "precision": 0.8857142857142857,
          "recall": 0.8611111111111112,
          "f1-score": 0.8732394366197183,
          "support": 36.0
        },
        "4": {
          "precision": 0.7906976744186046,
          "recall": 0.7083333333333334,
          "f1-score": 0.7472527472527473,
          "support": 48.0
        },