{
  "accuracy": {
    "test_mean": 0.6383333333333333,
    "test_std": 0.014766704288891116,
    "test_scores": [
      0.625,
      0.6375,
      0.6333333333333333,
      0.6291666666666667,
      0.6666666666666666
    ],
    "train_mean": 1.0,
    "train_std": 0.0,
    "train_scores": [
      1.0,
      1.0,
      1.0,
      1.0,
      1.0
    ]
  },
  "precision_macro": {
    "test_mean": 0.6383255044123193,
    "test_std": 0.015584021938448718,
    "test_scores": [
      0.6185376747164788,
      0.6448421870544656,
      0.6344010729725016,
      0.6293585815895434,
      0.6644880057286072
    ],
    "train_mean": 1.0,
    "train_std": 0.0,
    "train_scores": [
      1.0,
      1.0,
      1.0,
      1.0,
      1.0
    ]
  },
  "recall_macro": {
    "test_mean": 0.6383333333333333,
    "test_std": 0.014766704288891116,
    "test_scores": [
      0.625,
      0.6375,
      0.6333333333333333,
      0.6291666666666667,
      0.6666666666666666
    ],
    "train_mean": 1.0,
    "train_std": 0.0,
    "train_scores": [
      1.0,
      1.0,
      1.0,
      1.0,
      1.0
    ]
  },
  "f1_macro": {
    "test_mean": 0.6326009851635469,
    "test_std": 0.014994082399448222,
    "test_scores": [
      0.6176008680790326,
      0.6312075395587583,
      0.6282618842052708,
      0.6247544388002313,
      0.6611801951744412
    ],
    "train_mean": 1.0,
    "train_std": 0.0,
    "train_scores": [
      1.0,
      1.0,
      1.0,
      1.0,
      1.0
    ]
  }
}