{
  "k_values": [
    1,
    2,
    3,
    4,
    5,
    6,
    7,
    8,
    9,
    10,
    11,
    12,
    13,
    14,
    15,
    16,
    17,
    18,
    19,
    20,
    21,
    22,
    23,
    24,
    25,
    26,
    27,
    28,
    29,
    30,
    31,
    32,
    33,
    34,
    35,
    36,
    37,
    38,
    39,
    40,
    41,
    42,
    43,
    44,
    45,
    46,
    47,
    48,
    49,
    50
  ],
  "accuracy_means": [
    0.5441666666666667,
    0.5441666666666667,
    0.5683333333333334,
    0.6,
    0.6033333333333333,
    0.6166666666666666,
    0.6208333333333333,
    0.6258333333333332,
    0.6208333333333333,
    0.6233333333333333,
    0.615,
    0.6183333333333334,
    0.6241666666666666,
    0.6291666666666667,
    0.6266666666666667,
    0.6341666666666667,
    0.6399999999999999,
    0.6391666666666667,
    0.6391666666666667,
    0.6399999999999999,
    0.6358333333333334,
    0.645,
    0.6366666666666667,
    0.6383333333333334,
    0.6383333333333333,
    0.6366666666666667,
    0.6333333333333334,
    0.6375,
    0.6341666666666665,
    0.6366666666666667,
    0.6341666666666667,
    0.6308333333333334,
    0.6291666666666667,
    0.625,
    0.62,
    0.6216666666666667,
    0.6191666666666666,
    0.6191666666666668,
    0.6191666666666666,
    0.6166666666666667,
    0.6158333333333333,
    0.6183333333333334,
    0.615,
    0.6141666666666666,
    0.6191666666666666,
    0.6158333333333333,
    0.6208333333333333,
    0.6174999999999999,
    0.6141666666666667,
    0.6166666666666667
  ],
  "accuracy_stds": [
    0.01527525231651945,
    0.01527525231651945,
    0.01307032261779843,
    0.025000000000000015,
    0.01695582495781315,
    0.022669117514559065,
    0.02527625148017183,
    0.01632993161855456,
    0.020916500663351913,
    0.02395017977199987,
    0.02321398046197353,
    0.028087165910587842,
    0.0265361388801511,
    0.025413251136628165,
    0.025766041389567156,
    0.019075871903766008,
    0.011960583412006108,
    0.014577379737113249,
    0.009718253158075512,
    0.013070322617798434,
    0.0177951304200522,
    0.013281147875424351,
    0.012747548783981964,
    0.014766704288891114,
    0.014766704288891116,
    0.017360555546666365,
    0.021081851067789207,
    0.01748014746950251,
    0.016955824957813153,
    0.019965247584518248,
    0.01870828693386968,
    0.02017286406151698,
    0.020069324297987128,
    0.013176156917368242,
    0.013540064007726614,
    0.020649186155606444,
    0.01964971020425267,
    0.019293061504650374,
    0.017199806200458596,
    0.018633899812498262,
    0.020480342879074187,
    0.01837117307087385,
    0.02150581316760657,
    0.018371173070873853,
    0.017400510848184263,
    0.019790570145063212,
    0.016244657241348295,
    0.016541194367732694,
    0.015500896031448554,
    0.020069324297987173
  ],
  "optimal_k": 22
}