{
  "accuracy": {
    "test_mean": 0.6525000000000001,
    "test_std": 0.02480479344356202,
    "test_scores": [
      0.6875,
      0.6375,
      0.6166666666666667,
      0.65,
      0.6708333333333333
    ],
    "train_mean": 0.8258333333333333,
    "train_std": 0.0024116326880813093,
    "train_scores": [
      0.825,
      0.8229166666666666,
      0.8260416666666667,
      0.825,
      0.8302083333333333
    ]
  },
  "precision_macro": {
    "test_mean": 0.6547321153504856,
    "test_std": 0.028395173013212288,
    "test_scores": [
      0.6916802987254423,
      0.6455266598506677,
      0.6112429057421274,
      0.6457792843235173,
      0.6794314281106734
    ],
    "train_mean": 0.8301414905435557,
    "train_std": 0.002866102906462306,
    "train_scores": [
      0.8289456374616894,
      0.82845793577752,
      0.8280598434444588,
      0.8294464062358579,
      0.8357976297982525
    ]
  },
  "recall_macro": {
    "test_mean": 0.6525000000000001,
    "test_std": 0.02480479344356206,
    "test_scores": [
      0.6875000000000001,
      0.6375,
      0.6166666666666667,
      0.6500000000000001,
      0.6708333333333334
    ],
    "train_mean": 0.8258333333333333,
    "train_std": 0.0024116326880812672,
    "train_scores": [
      0.825,
      0.8229166666666666,
      0.8260416666666666,
      0.825,
      0.8302083333333332
    ]
  },
  "f1_macro": {
    "test_mean": 0.6478499721539197,
    "test_std": 0.02637747744514692,
    "test_scores": [
      0.6867699236001881,
      0.6331084001992116,
      0.6098889190787476,
      0.6444758956214064,
      0.6650067222700449
    ],
    "train_mean": 0.82465621857237,
    "train_std": 0.002407190613307266,
    "train_scores": [
      0.8232022872816888,
      0.8218596260041705,
      0.8253914972986696,
      0.8239320194209476,
      0.8288956628563738
    ]
  }
}