{
  "accuracy": 0.625,
  "precision_macro": 0.619530275539747,
  "recall_macro": 0.625,
  "f1_macro": 0.6189264244172559,
  "classification_report": {
    "Autoimmune": {
      "precision": 0.6078431372549019,
      "recall": 0.6458333333333334,
      "f1-score": 0.6262626262626263,
      "support": 48.0
    },
    "Healthy": {
      "precision": 0.5135135135135135,
      "recall": 0.3958333333333333,
      "f1-score": 0.4470588235294118,
      "support": 48.0
    },
    "Intestinal": {
      "precision": 0.7111111111111111,
      "recall": 0.6666666666666666,
      "f1-score": 0.6881720430107527,
      "support": 48.0
    },
    "Liver": {
      "precision": 0.6610169491525424,
      "recall": 0.8125,
      "f1-score": 0.7289719626168224,
      "support": 48.0
    },
    "Metabolic": {
      "precision": 0.6041666666666666,
      "recall": 0.6041666666666666,
      "f1-score": 0.6041666666666666,
      "support": 48.0
    },
    "accuracy": 0.625,
    "macro avg": {
      "precision": 0.619530275539747,
      "recall": 0.625,
      "f1-score": 0.6189264244172559,
      "support": 240.0
    },
    "weighted avg": {
      "precision": 0.619530275539747,
      "recall": 0.625,
      "f1-score": 0.618926424417256,
      "support": 240.0
    }
  },
  "confusion_matrix": [
    [
      31,
      4,
      4,
      4,
      5
    ],
    [
      10,
      19,
      4,
      5,
      10
    ],
    [
      1,
      2,
      32,
      11,
      2
    ],
    [
      5,
      0,
      2,
      39,
      2
    ],
    [
      4,
      12,
      3,
      0,
      29
    ]
  ],
  "test_predictions": [
    0,
    3,
    0,
    1,
    1,
    2,
    0,
    1,
    3,
    2,
    3,
    0,
    2,
    2,
    4,
    4,
    3,
    0,
    0,
    4,
    3,
    0,
    1,
    1,
    3,
    2,
    4,
    1,
    2,
    0,
    1,
    4,
    4,
    3,
    0,
    4,
    0,
    3,
    1,
    4,
    3,
    4,
    1,
    1,
    1,
    4,
    4,
    2,
    0,
    2,
    1,
    0,
    0,
    0,
    4,
    2,
    2,
    3,
    3,
    4,
    3,
    2,
    1,
    3,
    0,
    2,
    0,
    3,
    3,
    4,
    2,
    1,
    4,
    3,
    1,
    4,
    0,
    2,
    2,
    2,
    4,
    0,
    0,
    3,
    2,
    0,
    3,
    4,
    1,
    3,
    3,
    2,
    4,
    0,
    1,
    3,
    3,
    1,
    0,
    3,
    2,
    4,
    1,
    3,
    3,
    3,
    3,
    0,
    0,
    3,
    2,
    4,
    0,
    1,
    1,
    1,
    3,
    1,
    3,
    3,
    3,
    4,
    2,
    0,
    2,
    3,
    0,
    0,
    2,
    1,
    2,
    3,
    3,
    3,
    0,
    0,
    1,
    3,
    0,
    3,
    4,
    0,
    0,
    0,
    2,
    1,
    0,
    4,
    4,
    4,
    3,
    2,
    0,
    2,
    2,
    2,
    0,
    3,
    4,
    2,
    1,
    4,
    0,
    0,
    1,
    4,
    0,
    1,
    1,
    4,
    4,
    0,
    3,
    0,
    3,
    3,
    1,
    2,
    0,
    3,
    3,
    2,
    4,
    3,
    4,
    3,
    0,
    3,
    2,
    4,
    3,
    0,
    0,
    3,
    2,
    3,
    1,
    3,
    1,
    2,
    0,
    4,
    1,
    0,
    4,
    3,
    3,
    4,
    4,
    3,
    1,
    3,
    2,
    3,
    4,
    0,
    4,
    2,
    0,
    2,
    4,
    4,
    1,
    4,
    4,
    2,
    2,
    2,
    2,
    2,
    3,
    2,
    3,
    4,
    1,
    0,
    2,
    4,
    4,
    4
  ],
  "test_true_labels": [
    0,
    3,
    0,
    0,
    1,
    2,
    0,
    4,
    3,
    1,
    3,
    0,
    2,
    2,
    0,
    3,
    3,
    1,
    1,
    1,
    3,
    0,
    0,
    1,
    2,
    0,
    4,
    2,
    0,
    0,
    1,
    4,
    1,
    3,
    3,
    4,
    3,
    1,
    4,
    1,
    3,
    4,
    4,
    1,
    4,
    4,
    4,
    4,
    1,
    1,
    0,
    0,
    1,
    4,
    4,
    2,
    2,
    3,
    3,
    4,
    3,
    4,
    4,
    0,
    1,
    2,
    0,
    2,
    3,
    4,
    2,
    2,
    1,
    2,
    1,
    1,
    3,
    2,
    1,
    2,
    4,
    0,
    0,
    1,
    2,
    0,
    3,
    4,
    1,
    2,
    2,
    1,
    4,
    4,
    1,
    2,
    2,
    1,
    0,
    2,
    2,
    4,
    4,
    3,
    3,
    3,
    0,
    0,
    0,
    2,
    2,
    1,
    4,
    1,
    1,
    4,
    0,
    1,
    3,
    3,
    3,
    4,
    2,
    0,
    2,
    2,
    0,
    1,
    2,
    4,
    3,
    3,
    3,
    3,
    1,
    0,
    1,
    3,
    0,
    3,
    4,
    0,
    0,
    0,
    2,
    4,
    3,
    0,
    1,
    4,
    3,
    2,
    1,
    2,
    2,
    4,
    2,
    0,
    4,
    2,
    4,
    4,
    0,
    0,
    4,
    4,
    0,
    1,
    4,
    1,
    4,
    0,
    1,
    0,
    3,
    1,
    1,
    2,
    0,
    3,
    3,
    2,
    4,
    3,
    4,
    3,
    4,
    3,
    2,
    4,
    3,
    1,
    3,
    3,
    3,
    3,
    1,
    3,
    1,
    2,
    0,
    4,
    1,
    1,
    0,
    1,
    3,
    1,
    4,
    3,
    1,
    3,
    2,
    2,
    2,
    0,
    0,
    0,
    0,
    2,
    4,
    4,
    0,
    4,
    3,
    2,
    2,
    2,
    0,
    2,
    3,
    2,
    3,
    2,
    1,
    0,
    2,
    4,
    1,
    0
  ],
  "prediction_probabilities": null
}