n_features,f1_macro
10,0.57311963874623
20,0.6226579107280271
50,0.6676593010235633
100,0.7093360932011217
150,0.7268246265427214
200,0.7314225955624966
250,0.7184607983632324
