n_features,f1_macro
10,0.500265369734668
20,0.5459445748527088
50,0.5994003862209175
100,0.6281647966706831
150,0.6387497306603053
200,0.663675629373281
250,0.6763335210745332
