n_features,f1_macro
10,0.4985118688174898
20,0.5438358044469912
50,0.5982367414234704
100,0.6307836814736857
150,0.6369163620784098
200,0.6632185809479164
250,0.6735891662246671
