{
  "fold_results": [
    {
      "fold": 1,
      "accuracy": 0.7557603686635944,
      "f1_macro": 0.760940661829954,
      "f1_weighted": 0.7524248885586045,
      "precision_macro": 0.7580858857454602,
      "recall_macro": 0.7688250517598344,
      "auc_macro": 0.9393722705951193,
      "classification_report": {
        "0": {
          "precision": 0.7857142857142857,
          "recall": 0.6875,
          "f1-score": 0.7333333333333333,
          "support": 48.0
        },
        "1": {
          "precision": 0.6904761904761905,
          "recall": 0.6304347826086957,
          "f1-score": 0.6590909090909091,
          "support": 46.0
        },
        "2": {
          "precision": 0.7446808510638298,
          "recall": 0.875,
          "f1-score": 0.8045977011494253,
          "support": 40.0
        },
        "3": {
          "precision": 0.8461538461538461,
          "recall": 0.9428571428571428,
          "f1-score": 0.8918918918918919,
          "support": 35.0
        },
        "4": {
          "precision": 0.723404255319149,
          "recall": 0.7083333333333334,
          "f1-score": 0.7157894736842105,
          "support": 48.0
        },
        "accuracy": 0.7557603686635944,
        "macro avg": {
          "precision": 0.7580858857454602,
          "recall": 0.7688250517598344,
          "f1-score": 0.760940661829954,
          "support": 217.0
        },
        "weighted avg": {
          "precision": 0.753927250642615,
          "recall": 0.7557603686635944,
          "f1-score": 0.7524248885586045,
          "support": 217.0
        }
      },
      "confusion_matrix": [
        [
          33,
          2,
          3,
          5,
          5
        ],
        [
          5,
          29,
          4,
          0,
          8
        ],
        [
          1,
          3,
          35,
          1,
          0
        ],
        [
          0,
          0,
          2,
          33,
          0
        ],
        [
          3,
          8,
          3,
          0,
          34
        ]
      ],
      "best_params": {
        "colsample_bytree": 0.8,
        "learning_rate": 0.3,
        "max_depth": 5,
        "n_estimators": 200,
        "subsample": 0.8
      },
      "inner_cv_score": 0.7150581946506699
    },
    {
      "fold": 2,
      "accuracy": 0.7327188940092166,
      "f1_macro": 0.7397992311371078,
      "f1_weighted": 0.7325312258898596,
      "precision_macro": 0.7449636745368453,
      "recall_macro": 0.7380478126209834,
      "auc_macro": 0.9371316545037196,
      "classification_report": {
        "0": {
          "precision": 0.6875,
          "recall": 0.6875,
          "f1-score": 0.6875,
          "support": 48.0
        },
        "1": {
          "precision": 0.717948717948718,
          "recall": 0.6222222222222222,
          "f1-score": 0.6666666666666666,
          "support": 45.0
        },
        "2": {
          "precision": 0.7317073170731707,
          "recall": 0.7317073170731707,
          "f1-score": 0.7317073170731707,
          "support": 41.0
        },
        "3": {
          "precision": 0.9090909090909091,
          "recall": 0.8571428571428571,
          "f1-score": 0.8823529411764706,
          "support": 35.0
        },
        "4": {
          "precision": 0.6785714285714286,
          "recall": 0.7916666666666666,
          "f1-score": 0.7307692307692307,
          "support": 48.0
        },
        "accuracy": 0.7327188940092166,
        "macro avg": {
          "precision": 0.7449636745368453,
          "recall": 0.7380478126209834,
          "f1-score": 0.7397992311371078,
          "support": 217.0
        },
        "weighted avg": {
          "precision": 0.7359322704944824,
          "recall": 0.7327188940092166,
          "f1-score": 0.7325312258898596,
          "support": 217.0
        }
      },
      "confusion_matrix": [
        [
          33,
          2,
          10,
          0,
          3
        ],
        [
          4,
          28,
          1,
          0,
          12
        ],
        [
          4,
          1,
          30,
          3,
          3
        ],
        [
          3,
          2,
          0,
          30,
          0
        ],
        [
          4,
          6,
          0,
          0,
          38
        ]
      ],
      "best_params": {
        "colsample_bytree": 0.8,
        "learning_rate": 0.1,
        "max_depth": 3,
        "n_estimators": 200,
        "subsample": 0.8
      },
      "inner_cv_score": 0.7181794207878368
    },
    {
      "fold": 3,
      "accuracy": 0.7603686635944701,
      "f1_macro": 0.7664827768945417,
      "f1_weighted": 0.7584683097301692,
      "precision_macro": 0.7729603729603729,
      "recall_macro": 0.7691444057297716,
      "auc_macro": 0.9391092819779251,
      "classification_report": {
        "0": {
          "precision": 0.6923076923076923,
          "recall": 0.75,
          "f1-score": 0.72,
          "support": 48.0
        },
        "1": {
          "precision": 0.7878787878787878,
          "recall": 0.5777777777777777,
          "f1-score": 0.6666666666666666,
          "support": 45.0
        },
        "2": {
          "precision": 0.8974358974358975,
          "recall": 0.8536585365853658,
          "f1-score": 0.875,
          "support": 41.0
        },
        "3": {
          "precision": 0.8205128205128205,
          "recall": 0.9142857142857143,
          "f1-score": 0.8648648648648649,
          "support": 35.0
        },
        "4": {
          "precision": 0.6666666666666666,
          "recall": 0.75,
          "f1-score": 0.7058823529411765,
          "support": 48.0
        },
        "accuracy": 0.7603686635944701,
        "macro avg": {
          "precision": 0.7729603729603729,
          "recall": 0.7691444057297716,
          "f1-score": 0.7664827768945417,
          "support": 217.0
        },
        "weighted avg": {
          "precision": 0.7658900239545401,
          "recall": 0.7603686635944701,
          "f1-score": 0.7584683097301692,
          "support": 217.0
        }
      },
      "confusion_matrix": [
        [
          36,
          2,
          2,
          3,
          5
        ],
        [
          7,
          26,
          0,
          4,
          8
        ],
        [
          1,
          1,
          35,
          0,
          4
        ],
        [
          1,
          1,
          0,
          32,
          1
        ],
        [
          7,
          3,
          2,
          0,
          36
        ]
      ],
      "best_params": {
        "colsample_bytree": 0.8,
        "learning_rate": 0.1,
        "max_depth": 3,
        "n_estimators": 200,
        "subsample": 0.8
      },
      "inner_cv_score": 0.7130767027112981
    },
    {
      "fold": 4,
      "accuracy": 0.7741935483870968,
      "f1_macro": 0.7775760781653078,
      "f1_weighted": 0.7702667073014404,
      "precision_macro": 0.7770140948583342,
      "recall_macro": 0.7819444444444444,
      "auc_macro": 0.9413619798678177,
      "classification_report": {
        "0": {
          "precision": 0.6981132075471698,
          "recall": 0.7708333333333334,
          "f1-score": 0.7326732673267327,
          "support": 48.0
        },
        "1": {
          "precision": 0.6486486486486487,
          "recall": 0.5333333333333333,
          "f1-score": 0.5853658536585366,
          "support": 45.0
        },
        "2": {
          "precision": 0.8409090909090909,
          "recall": 0.925,
          "f1-score": 0.8809523809523809,
          "support": 40.0
        },
        "3": {
          "precision": 0.8888888888888888,
          "recall": 0.8888888888888888,
          "f1-score": 0.8888888888888888,
          "support": 36.0
        },
        "4": {
          "precision": 0.8085106382978723,
          "recall": 0.7916666666666666,
          "f1-score": 0.8,
          "support": 48.0
        },
        "accuracy": 0.7741935483870968,