{
  "fold_results": [
    {
      "fold": 1,
      "accuracy": 0.7649769585253456,
      "f1_macro": 0.76896881077959,
      "f1_weighted": 0.7605295150043284,
      "precision_macro": 0.766519819568081,
      "recall_macro": 0.7778105590062112,
      "auc_macro": 0.9253411108805146,
      "classification_report": {
        "0": {
          "precision": 0.7804878048780488,
          "recall": 0.6666666666666666,
          "f1-score": 0.7191011235955056,
          "support": 48.0
        },
        "1": {
          "precision": 0.7,
          "recall": 0.6086956521739131,
          "f1-score": 0.6511627906976745,
          "support": 46.0
        },
        "2": {
          "precision": 0.7659574468085106,
          "recall": 0.9,
          "f1-score": 0.8275862068965517,
          "support": 40.0
        },
        "3": {
          "precision": 0.8461538461538461,
          "recall": 0.9428571428571428,
          "f1-score": 0.8918918918918919,
          "support": 35.0
        },
        "4": {
          "precision": 0.74,
          "recall": 0.7708333333333334,
          "f1-score": 0.7551020408163265,
          "support": 48.0
        },
        "accuracy": 0.7649769585253456,
        "macro avg": {
          "precision": 0.766519819568081,
          "recall": 0.7778105590062112,
          "f1-score": 0.76896881077959,
          "support": 217.0
        },
        "weighted avg": {
          "precision": 0.7623829360454902,
          "recall": 0.7649769585253456,
          "f1-score": 0.7605295150043284,
          "support": 217.0
        }
      },
      "confusion_matrix": [
        [
          32,
          4,
          3,
          4,
          5
        ],
        [
          7,
          28,
          3,
          0,
          8
        ],
        [
          0,
          2,
          36,
          2,
          0
        ],
        [
          0,
          0,
          2,
          33,
          0
        ],
        [
          2,
          6,
          3,
          0,
          37
        ]
      ],
      "best_params": {
        "colsample_bytree": 0.8,
        "learning_rate": 0.3,
        "max_depth": 5,
        "n_estimators": 50,
        "subsample": 0.8
      },
      "inner_cv_score": 0.712764867350007
    },
    {
      "fold": 2,
      "accuracy": 0.7327188940092166,
      "f1_macro": 0.7430926415254169,
      "f1_weighted": 0.7336700695349986,
      "precision_macro": 0.7504632807137955,
      "recall_macro": 0.7397483546264034,
      "auc_macro": 0.9407803930857013,
      "classification_report": {
        "0": {
          "precision": 0.6595744680851063,
          "recall": 0.6458333333333334,
          "f1-score": 0.6526315789473685,
          "support": 48.0
        },
        "1": {
          "precision": 0.725,
          "recall": 0.6444444444444445,
          "f1-score": 0.6823529411764706,
          "support": 45.0
        },
        "2": {
          "precision": 0.7272727272727273,
          "recall": 0.7804878048780488,
          "f1-score": 0.7529411764705882,
          "support": 41.0
        },
        "3": {
          "precision": 0.967741935483871,
          "recall": 0.8571428571428571,
          "f1-score": 0.9090909090909091,
          "support": 35.0
        },
        "4": {
          "precision": 0.6727272727272727,
          "recall": 0.7708333333333334,
          "f1-score": 0.7184466019417476,
          "support": 48.0
        },
        "accuracy": 0.7327188940092166,
        "macro avg": {
          "precision": 0.7504632807137955,
          "recall": 0.7397483546264034,
          "f1-score": 0.7430926415254169,
          "support": 217.0
        },
        "weighted avg": {
          "precision": 0.7385466964014354,
          "recall": 0.7327188940092166,
          "f1-score": 0.7336700695349986,
          "support": 217.0
        }
      },
      "confusion_matrix": [
        [
          31,
          2,
          10,
          0,
          5
        ],
        [
          4,
          29,
          1,
          0,
          11
        ],
        [
          5,
          1,
          32,
          1,
          2
        ],
        [
          3,
          1,
          1,
          30,
          0
        ],
        [
          4,
          7,
          0,
          0,
          37
        ]
      ],
      "best_params": {
        "colsample_bytree": 0.8,
        "learning_rate": 0.1,
        "max_depth": 3,
        "n_estimators": 200,
        "subsample": 0.8
      },
      "inner_cv_score": 0.7325106701542783
    },
    {
      "fold": 3,
      "accuracy": 0.7557603686635944,
      "f1_macro": 0.764267363704257,
      "f1_weighted": 0.7554404495181194,
      "precision_macro": 0.7728822528822528,
      "recall_macro": 0.7644192799070848,
      "auc_macro": 0.9348131175156942,
      "classification_report": {
        "0": {
          "precision": 0.6538461538461539,
          "recall": 0.7083333333333334,
          "f1-score": 0.68,
          "support": 48.0
        },
        "1": {
          "precision": 0.8181818181818182,
          "recall": 0.6,
          "f1-score": 0.6923076923076923,
          "support": 45.0
        },
        "2": {
          "precision": 0.9,
          "recall": 0.8780487804878049,
          "f1-score": 0.8888888888888888,
          "support": 41.0
        },
        "3": {
          "precision": 0.8378378378378378,
          "recall": 0.8857142857142857,
          "f1-score": 0.8611111111111112,
          "support": 35.0
        },
        "4": {
          "precision": 0.6545454545454545,
          "recall": 0.75,
          "f1-score": 0.6990291262135923,
          "support": 48.0
        },
        "accuracy": 0.7557603686635944,
        "macro avg": {
          "precision": 0.7728822528822528,
          "recall": 0.7644192799070848,
          "f1-score": 0.764267363704257,
          "support": 217.0
        },
        "weighted avg": {
          "precision": 0.7642640707156836,
          "recall": 0.7557603686635944,
          "f1-score": 0.7554404495181194,
          "support": 217.0
        }
      },
      "confusion_matrix": [
        [
          34,
          2,
          2,
          3,
          7
        ],
        [
          7,
          27,
          0,
          3,
          8
        ],
        [
          2,
          0,
          36,
          0,
          3
        ],
        [
          2,
          1,
          0,
          31,
          1
        ],
        [
          7,
          3,
          2,
          0,
          36
        ]
      ],
      "best_params": {
        "colsample_bytree": 0.8,
        "learning_rate": 0.1,
        "max_depth": 3,
        "n_estimators": 200,
        "subsample": 0.8
      },
      "inner_cv_score": 0.7198124591552935
    },
    {
      "fold": 4,
      "accuracy": 0.7926267281105991,
      "f1_macro": 0.7957950649618175,
      "f1_weighted": 0.7891093945510651,
      "precision_macro": 0.7933403384041682,
      "recall_macro": 0.8005555555555557,
      "auc_macro": 0.9425365884576629,
      "classification_report": {
        "0": {
          "precision": 0.7872340425531915,
          "recall": 0.7708333333333334,
          "f1-score": 0.7789473684210526,
          "support": 48.0
        },
        "1": {
          "precision": 0.6666666666666666,
          "recall": 0.5777777777777777,
          "f1-score": 0.6190476190476191,
          "support": 45.0
        },
        "2": {
          "precision": 0.8409090909090909,
          "recall": 0.925,
          "f1-score": 0.8809523809523809,
          "support": 40.0
        },
        "3": {
          "precision": 0.8918918918918919,
          "recall": 0.9166666666666666,
          "f1-score": 0.9041095890410958,
          "support": 36.0
        },
        "4": {
          "precision": 0.78,
          "recall": 0.8125,
          "f1-score": 0.7959183673469388,
          "support": 48.0
        },
        "accuracy": 0.7926267281105991,